Authors	Title	Venue	Year	Link	arXiv	Category
"Bevan Jones, Jacob Andreas, Daniel Bauer, Karl-Moritz Hermann, Kevin Knight"	Semantics-Based Machine Translation with Hyperedge Replacement Grammars	COLING	2012	https://www.aclweb.org/anthology/C12-1083		"Alignment, Parsing, Generation, MT, Graph algebra"
"D. Chiang, J. Andreas, D. Bauer, K. M. Hermann, B. Jones, K. Knight"	Parsing Graphs with Hyperedge Replacement Grammars	ACL	2013	http://www.aclweb.org/anthology/P13-1091		"Parsing, Graph algebra"
"Laura Banarescu, Claire Bonial, Shu Cai, Madalina Georgescu, Kira Griffitt, Ulf Hermjakob, Kevin Knight, Philipp Koehn, Martha Palmer, Nathan Schneider"	Abstract Meaning Representation for Sembanking	 Linguistic Annotation Workshop	2013	http://amr.isi.edu/a.pdf		Overview
"Shu Cai, Kevin Knight"	Smatch: an Evaluation Metric for Semantic Feature Structures	ACL	2013	http://amr.isi.edu/smatch-13.pdf		Evaluation
"F. Braune, D. Bauer, K. Knight"	Mapping between English Strings and Reentrant Semantic Graphs	LREC	2014	https://www.aclweb.org/anthology/L14-1061		"Parsing, Syntax/grammar, Graph algebra"
"J. Flanigan, S. Thomson, J. Carbonell, C. Dyer, N. Smith"	A Discriminative Graph-Based Parser for the Abstract Meaning Representation 	ACL	2014	"{pdf : http://www.cs.cmu.edu/%7Ejmflanig/flanigan+etal.acl2014.pdf, JAMR : https://github.com/jflanigan/jamr}"		"Parsing, Graph-based"
"N. Xue, O. Bojar, J. Hajic, M. Palmer, Z. Uresova, X. Zhang"	"Not an Interlingua, but Close: Comparison of English AMRs to Chinese and Czech"	LREC	2014	http://www.lrec-conf.org/proceedings/lrec2014/pdf/384_Paper.pdf		"Annotation, Multilingual"
"Nima Pourdamghani, Yang Gao, Ulf Hermjakob, Kevin Knight"	Aligning English Strings with Abstract Meaning Representation Graphs 	EMNLP	2014	"{ pdf : https://www.aclweb.org/anthology/D14-1048, dev data : http://www.isi.edu/natural-language/mt/dev-gold.txt, test data : http://www.isi.edu/natural-language/mt/test-gold.txt }"		Alignment
"C. Wang, N. Xue, S. Pradhan"	Boosting Transition-based AMR Parsing with Refined Actions and Auxiliary Analyzers	ACL	2015	"{pdf : http://www.aclweb.org/anthology/P15-2141.pdf, CAMR : https://github.com/c-amr/camr}"		"Parsing, Transition-based"
"Chuan Wang, Nianwen Xue, Sameer Pradhan"	A Transition-based Algorithm for AMR Parsing	NAACL	2015	https://aclweb.org/anthology/N15-1040		"Parsing, Transition-based"
"Fei Liu, Jeffrey Flanigan, Sam Thomson, Norman Sadeh, Noah A. Smith"	Toward Abstractive Summarization Using Semantic Representations	NAACL	2015	https://aclweb.org/anthology/N15-1114		"Applications, Summarization"
"J. Groschwitz, A. Koller, C. Teichmann"	Graph parsing with s-graph grammars	ACL	2015	https://aclweb.org/anthology/P15-1143		"Parsing, Graph algebra"
"K. Werling, G. Angeli, C. Manning"	Robust Subgraph Generation Improves Abstract Meaning Representation Parsing	ACL	2015	http://nlp.stanford.edu/pubs/2015werling-amr.pdf		Parsing
"L. Banarescu, C. Bonial, S. Cai, M. Georgescu, K. Griffitt, U. Hermjakob, K. Knight, P. Koehn, M. Palmer, N. Schneider"	Abstract Meaning Representation (AMR) 1.2.2 Specification		2015	{Guidelines : https://github.com/amrisi/amr-guidelines/blob/master/amr.md}		Overview
"Lucy Vanderwende, Arul Menezes, Chris Quirk"	"An AMR parser for English, French, German, Spanish and Japanese and a new AMR-annotated corpus"	NAACL (Demo session)	2015	https://aclweb.org/anthology/N15-3006		"Parsing, Annotation, Multilingual, Conversion-based"
"M. Pust, U. Hermjakob, K. Knight, D. Marcu, J. May"	Using Syntax-Based Machine Translation to Parse English into Abstract Meaning Representation	EMNLP	2015	https://aclweb.org/anthology/D15-1136		"Parsing, MT-based"
Melanie Tosik	Abstract Meaning Representation: a survey		2015	http://cs.brown.edu/courses/csci2952d/readings/lecture8-tosik.pdf		Overview
"Naomi Saphra, Adam Lopez"	AMRICA: an AMR Inspector for Cross-language Alignments	NAACL (Demo session)	2015	https://aclweb.org/anthology/N15-3008		"Alignment, Multilingual, Visualization"
"Nathan Schneider, Jeffrey Flanigan, Tim O’Gorman"	"Tutorial: The Logic of AMR: Practical, Unified, Graph-Based Sentence Semantics for NLP"	 NAACL-HLT	2015	{Tutorial : https://github.com/nschneid/amr-tutorial}		Overview
Wei-Te Chen	Learning to Map Dependency Parses to Abstract Meaning Representations	ACL-IJCNLP Student Research Workshop	2015	http://www.aclweb.org/anthology/P15-3007		"Parsing, Alignment, Dependency Trees"
"X. Peng, L. Song, D. Gildea"	A Synchronous Hyperedge Replacement Grammar based approach for AMR parsing	CoNLL	2015	http://www.aclweb.org/anthology/K15-1004		"Parsing, Graph algebra"
"Xiaoman Pan, Taylor Cassidy, Ulf Hermjakob, Heng Ji, Kevin Knight"	Unsupervised Entity Linking with Abstract Meaning Representation	NAACL	2015	https://aclweb.org/anthology/N15-1119		"Applications, Entity Linking"
"Y. Artzi, K. Lee, L. Zettlemoyer"	Broad-coverage CCG Semantic Parsing with AMR	EMNLP	2015	http://yoavartzi.com/pub/alz-emnlp.2015.pdf		"Parsing, CCG"
"Y. Sawai, H. Shindo, Y. Matsumoto"	Semantic Structure Analysis of Noun Phrases using Abstract Meaning Representation	ACL	2015	http://www.aclweb.org/anthology/P15-2140		"Applications, Semantic Analysis"
"A. Mitra, C. Baral"	Addressing a Question Answering Challenge by Combining Statistical Methods with Inductive Rule Learning and Reasoning	AAAI	2016	http://www.public.asu.edu/%7Ecbaral/papers/aaai2016-sub.pdf		"Applications, Question Answering"
Alastair Butler	DynamicPower at SemEval-2016 Task 8: Processing syntactic parse trees with a Dynamic Semantics core	SemEval	2016	https://aclweb.org/anthology/S16-1177		"Parsing, Conversion-based"
"B. Li, Y. Wen, L. Bu, W. Qu, N. Xue"	Annotating the Little Prince with Chinese AMRs	10th Linguistic Annotation Workshop (LAW X)	2016	https://aclweb.org/anthology/W16-1702		"Annotation, Multilingual"
"Chuan Wang, Sameer Pradhan, Xiaoman Pan, Heng Ji, Nianwen Xue"	CAMR at SemEval-2016 Task 8: An Extended Transition-based AMR Parser	SemEval	2016	https://aclweb.org/anthology/S16-1181		"Parsing, Transition-based"
"Dipendra Kumar Misra, Yoav Artzi"	Neural Shift-Reduce CCG Semantic Parsing	EMNLP	2016	"{ pdf : http://aclweb.org/anthology/D16-1183, Supplement : https://www.aclweb.org/anthology/attachments/D16-1183.Attachment.pdf }"		"Parsing, CCG, Transition-based"
"G. Burns, U. Hermjakob, J. L. Ambite"	Abstract Meaning Representation as Linked Data	International Semantic Web Conference Resources Track	2016	"{ springer : http://link.springer.com/chapter/10.1007/978-3-319-46547-0_2}"		Applications
"Guntis Barzdins, Didzis Gosko"	RIGA at SemEval-2016 Task 8: Impact of Smatch Extensions and Character-Level Neural Translation on AMR Parsing Accuracy	SemEval	2016	"{ pdf : https://aclweb.org/anthology/S16-1176, Eval code : https://github.com/didzis/smatchTools }"		"Evaluation, Parsing, MT-based"
"H. Björklund, F. Drewes, P. Ericson"	Between a Rock and a Hard Place -- Uniform Parsing for Hyperedge Replacement DAG Grammars	LATA	2016	http://www8.cs.umu.se/research/uminf/reports/2015/013/part1.pdf		"Parsing, Graph algebra"
"J. Flanigan, C. Dyer, N. A. Smith, J. Carbonell"	Generation from Abstract Meaning Representation using Tree Transducers	NAACL	2016	http://www.cs.cmu.edu/%7Ejmflanig/flanigan+etal.naacl2016.pdf		Generation
"J. Goodman, A. Vlachos, J. Naradowsky"	Noise Reduction and Targeted Exploration in Imitation Learning for Abstract Meaning Representation Parsing	ACL	2016	http://aclweb.org/anthology/P16-1001		"Parsing, Imitation Learning/Learning to Search, Transition-based"
"J. Zhou, F. Xu, H. Uszkoreit, W. Qu, R. Li, Y. Gu"	AMR Parsing with an Incremental Joint Model	EMNLP	2016	https://www.aclweb.org/anthology/D16-1065		"Parsing, Transition-based"
"James Goodman, Andreas Vlachos, Jason Naradowsky"	UCL+Sheffield at SemEval-2016 Task 8: Imitation learning for AMR parsing with an alpha-bound	SemEval	2016	https://aclweb.org/anthology/S16-1180		"Parsing, Imitation Learning/Learning to Search, Transition-based"
"Jeffrey Flanigan, Chris Dyer, Noah A. Smith, Jaime Carbonell"	CMU at SemEval-2016 Task 8: Graph-based AMR Parsing with Infinite Ramp Loss	SemEval	2016	https://aclweb.org/anthology/S16-1186		"Parsing, Graph-based"
Johan Bos	Squib: Expressive Power of Abstract Meaning Representations	Computational Linguistics 42(3)	2016	http://www.aclweb.org/anthology/J16-3006		"AMR Extensions"
"Johannes Bjerva, Johan Bos, Hessel Haagsma"	The Meaning Factory at SemEval-2016 Task 8: Producing AMRs with Boxer	SemEval	2016	https://aclweb.org/anthology/S16-1182		"Parsing, Conversion-based"
Jonathan May	SemEval-2016 Task 8: Meaning Representation Parsing	SemEval	2016	https://aclweb.org/anthology/S16-1166		"Shared Task Overview, Parsing"
"L. Song, Y. Zhang, X. Peng, Z. Wang, D. Gildea"	AMR-to-text generation as a Traveling Salesman Problem	EMNLP	2016	https://www.aclweb.org/anthology/D16-1224	https://arxiv.org/abs/1609.07451	"Generation, Graph-based"
"Lauritz Brandt, David Grimm, Mengfei Zhou, Yannick Versley"	ICL-HD at SemEval-2016 Task 8: Meaning Representation Parsing - Augmenting AMR Parsing with a Preposition Semantic Role Labeling Neural Network 	SemEval	2016	https://aclweb.org/anthology/S/S16/S16-1179.pdf		Parsing
"M. Sachan, E. Xing"	Machine Comprehension Using Rich Semantic Representations 	ACL	2016	https://aclweb.org/anthology/P16-2079		"Applications, Question Answering"
"Nima Pourdamghani, Kevin Knight, Ulf Hermjakob"	Generating English from Abstract Meaning Representations	INLG	2016	http://aclweb.org/anthology/W16-6603		"Generation, MT-based"
"S. Garg, A. Galstyan, U. Hermjakob, D. Marcu"	Extracting Biomolecular Interactions Using Semantic Parsing of Biomedical Text	AAAI	2016		https://arxiv.org/abs/1512.01587	"Applications, Information Extraction, Biomedical"
"S. Takase, J. Suzuki, N. Okazaki, T. Hirao, M. Nagata"	Neural Headline Generation on Abstract Meaning Representation	EMNLP	2016	https://www.aclweb.org/anthology/D16-1112		Generation
"Sudha Rao, Yogarshi Vyas, Hal Daumé III, Philip Resnik"	CLIP@UMD at SemEval-2016 Task 8: Parser for Abstract Meaning Representation using Learning to Search	SemEval	2016	https://aclweb.org/anthology/S16-1184		"Parsing, Imitation Learning/Learning to Search"
"William Foland, James H. Martin"	CU-NLP at SemEval-2016 Task 8: AMR Parsing using LSTM-based Recurrent Neural Networks	SemEval	2016	https://aclweb.org/anthology/S16-1185		"Parsing, Seq2Seq"
"Xiaochang Peng, Daniel Gildea"	UofR at SemEval-2016 Task 8: Learning Synchronous Hyperedge Replacement Grammar for AMR Parsing	SemEval	2016	https://aclweb.org/anthology/S16-1183		"Parsing, Graph algebra"
"Yevgeniy Puzikov, Daisuke Kawahara, Sadao Kurohashi"	M2L at SemEval-2016 Task 8: AMR Parsing with Neural Networks	SemEval	2016	https://aclweb.org/anthology/S16-1178		"Parsing, Transition-based"
Daniel Bauer	Grammar-Based Semantic Parsing Into Graph Representations	Ph.D. thesis, Columbia University	2017	https://academiccommons.columbia.edu/doi/10.7916/D8JH3ZRR		"Parsing, Graph-based, Graph algebra, Alignment, Syntax/grammar"
"Chenhui Chu, Sadao Kurohashi"	Supervised Syntax-based Alignment between English Sentences and Abstract Meaning Representation Graphs	preprint	2017		https://arxiv.org/abs/1606.02126	"Alignment, Syntax/grammar"
"Chuan Wang, Nianwen Xue"	Getting the Most out of AMR Parsing	EMNLP	2017	http://www.cs.brandeis.edu/%7Ecwang24/files/emnlp17.pdf		"Parsing, Seq2Seq, Alignment"
Edward Stabler	Reforming AMR	International Conference on Formal Grammar	2017	"{ springer : https://link.springer.com/chapter/10.1007/978-3-662-56343-4_5}"		AMR Extensions
"Gerasimos Lampouras, Andreas Vlachos"	Sheffield at SemEval-2017 Task 9: Transition-based language generation from AMR	SemEval	2017	http://www.aclweb.org/anthology/S17-2096		"Generation, Transition-based"
"Ioannis Konstas, Srinivasan Iyer, Mark Yatskar, Yejin Choi, Luke Zettlemoyer"	Neural AMR: Sequence-to-Sequence Models for Parsing and Generation	ACL	2017	https://www.aclweb.org/anthology/P17-1014	https://arxiv.org/abs/1704.08381	"Parsing, Generation, Seq2Seq"
"Jan Buys, Phil Blunsom"	Oxford at SemEval-2017 Task 9: Neural AMR Parsing with Pointer-Augmented Attention	SemEval	2017	http://www.aclweb.org/anthology/S17-2157		Parsing
"Jan Buys, Phil Blunsom"	Robust Incremental Neural Semantic Graph Parsing	ACL	2017	https://www.aclweb.org/anthology/P17-1112	https://arxiv.org/abs/1704.07092	"Parsing, Transition-based"
"Jonas Groschwitz, Meaghan Fowlie, Mark Johnson, Alexander Koller"	A constrained graph algebra for semantic parsing with AMRs	IWCS	2017	http://www.aclweb.org/anthology/W17-6810		"Parsing, Graph algebra"
"Jonathan May, Jay Priyadarshi"	SemEval-2017 Task 9: Abstract Meaning Representation Parsing and Generation	SemEval	2017	http://www.aclweb.org/anthology/S17-2090		"Shared Task Overview, Parsing, Generation"
"Khoa Nguyen, Dang Nguyen"	UIT-DANGNT-CLNLP at SemEval-2017 Task 9: Building Scientific Concept Fixing Patterns for Improving CAMR	SemEval	2017	http://www.aclweb.org/anthology/S17-2156		Parsing
"Lai Dac Viet, Vu Trong Sinh, Nguyen Le Minh, Ken Satoh"	ConvAMR: Abstract meaning representation parsing for legal document	SCIDOCA	2017		https://arxiv.org/abs/1711.06141	"Parsing, Seq2Seq"
"Linfeng Song, Xiaochang Peng, Yue Zhang, Zhiguo Wang, Daniel Gildea"	AMR-to-text Generation with Synchronous Node Replacement Grammar	ACL	2017	https://www.aclweb.org/anthology/P17-2002	https://arxiv.org/abs/1702.00500	"Generation, Graph algebra"
"M. Damonte, S. B. Cohen, G. Satta"	An Incremental Parser for Abstract Meaning Representation	EACL	2017	"{ Parser code : https://github.com/mdtux89/amr-eager, Eval code : https://github.com/mdtux89/amr-evaluation }"	https://arxiv.org/abs/1608.06111	"Parsing, Evaluation, Transition-based"
"Miguel Ballesteros, Yaser Al-Onaizan"	AMR Parsing using Stack-LSTMs	EMNLP	2017	https://www.aclweb.org/anthology/D17-1130	https://arxiv.org/abs/1707.07755	"Parsing, Transition-based"
Noelia Migueles-Abraira	A Study Towards Spanish Abstract Meaning Representation	"MSc thesis, University of the Basque Country"	2017	https://addi.ehu.es/handle/10810/22056		"Annotation, Multilingual"
"Rafael Torres Anchiêta, Thiago Alexandre Salgueiro Pardo"	"Towards AMR-BR: A SemBank for Brazilian Portuguese language"	LREC	2018	http://www.lrec-conf.org/proceedings/lrec2018/pdf/366.pdf		"Annotation, Multilingual"
"Rafael Torres Anchiêta, Thiago Alexandre Salgueiro Pardo"	"A rule-based AMR parser for Portuguese"	IBERAMIA	2018	"{ springer : https://link.springer.com/chapter/10.1007/978-3-030-03928-8_28 }"		"Parsing, Rule-based, Multilingual"
"Normunds Gruzitis, Didzis Gosko, Guntis Barzdins"	RIGOTRIO at SemEval-2017 Task 9: Combining Machine Learning and Grammar Engineering for AMR Parsing and Generation	SemEval	2017	http://www.aclweb.org/anthology/S17-2159		"Parsing, Generation"
"Rik van Noord, Johan Bos"	Dealing with Co-reference in Neural Semantic Parsing	Workshop on Semantic Deep Learning	2017	http://www.aclweb.org/anthology/W17-7306		"Parsing, Co-reference"
"Rik van Noord, Johan Bos"	Neural Semantic Parsing by Character-based Translation: Experiments with Abstract Meaning Representations	Computational Linguistics in the Netherlands 7	2017	https://clinjournal.org/clinj/article/view/72	https://arxiv.org/abs/1705.09980	"Parsing, MT-based"
"Rik van Noord, Johan Bos"	The Meaning Factory at SemEval-2017 Task 9: Producing AMRs with Neural Semantic Parsing	SemEval	2017	http://www.aclweb.org/anthology/S17-2160		"Parsing, Seq2Seq"
"Shibhansh Dohare, Harish Karnick, Vivek Gupta"	Text Summarization using Abstract Meaning Representation	preprint	2017		https://arxiv.org/abs/1706.01678	"Applications, Summarization"
"Simon Mille, Roberto Carlini, Alicia Burga, Leo Wanner"	FORGe at SemEval-2017 Task 9: Deep sentence generation based on a sequence of graph transducers	SemEval	2017	http://www.aclweb.org/anthology/S17-2158		Generation
"Sudha Rao, Daniel Marcu, Kevin Knight, Hal Daumé III"	Biomedical Event Extraction using Abstract Meaning Representation	BioNLP	2017	http://www.aclweb.org/anthology/W17-2315		"Applications, Information Extraction, Biomedical"
"Thiago Castro Ferreira, Iacer Calixto, Sander Wubben, Emiel Krahmer"	Linguistic realisation as machine translation: Comparing different MT models for AMR-to-text generation	INLG	2017	http://www.aclweb.org/anthology/W17-3501		"Generation, MT-based"
Timo Schick	Transition-Based Generation from Abstract Meaning Representations	"MSc thesis, Technische Universitat Dresden"	2017		https://arxiv.org/abs/1707.07591	"Generation, Transition-based"
"Wei-Te Chen, Martha Palmer"	Unsupervised AMR-Dependency Parse Alignment	EACL	2017	http://verbs.colorado.edu/~wech5560/paper/EACL17.pdf		"Alignment, Syntax/grammar"
"William Foland, James H. Martin"	Abstract Meaning Representation Parsing using LSTM Recurrent Neural Networks	ACL	2017	http://www.aclweb.org/anthology/P17-1043		"Parsing, Seq2Seq"
"Xiaochang Peng, Chuan Wang, Daniel Gildea, Nianwen Xue"	Addressing the Data Sparsity Issue in Neural AMR Parsing 	EACL	2017	http://www.cs.brandeis.edu/~cwang24/files/eacl17.pdf		"Parsing, Seq2Seq"
"Yanshan Wang, Sijia Liu, Majid Rastegar-Mojarad, Liwei Wang, Feichen Shen, Fei Liu, Hongfang Liu"	Dependency and AMR Embeddings for Drug-Drug Interaction Extraction from Biomedical Literature	ACM-BCB	2017	https://dl.acm.org/doi/10.1145/3107411.3107426		"Applications, Information Extraction, Biomedical"
"Charles Welch, Jonathan K. Kummerfeld, Song Feng, Rada Mihalcea"	World Knowledge for Abstract Meaning Representation Parsing	LREC	2018	http://www.lrec-conf.org/proceedings/lrec2018/pdf/1085.pdf		Parsing
"Chuan Wang, Bin Li, Nianwen Xue"	Transition-Based Chinese AMR Parsing	NAACL-HLT	2018	http://aclweb.org/anthology/N18-2040		"Parsing, Transition-based, Multilingual"
"Chunchuan Lyu, Ivan Titov"	AMR Parsing as Graph Prediction with Latent Alignment	ACL	2018	http://aclweb.org/anthology/P18-1037	https://arxiv.org/abs/1805.05286	"Parsing, Alignment"
"Claire Bonial, Bianca Badarau, Kira Griffitt, Ulf Hermjakob, Kevin Knight, Tim O'Gorman, Martha Palmer, Nathan Schneider"	"Abstract Meaning Representation of Constructions: The More We Include, the Better the Representation"	LREC	2018	http://www.lrec-conf.org/proceedings/lrec2018/pdf/856.pdf		AMR Extensions
"David Vilares, Carlos Gómez-Rodríguez"	A Transition-Based Algorithm for Unrestricted AMR Parsing	NAACL-HLT	2018	http://aclweb.org/anthology/N18-2023		"Parsing, Transition-based"
"Fuad Issa, Marco Damonte, Shay B. Cohen, Xiaohui Yan, Yi Chang"	Abstract Meaning Representation for Paraphrase Detection	NAACL-HLT	2018	http://aclweb.org/anthology/N18-1041		"Applications, Paraphrase Detection"
"Hardy, Andreas Vlachos"	 Guided Neural Language Generation for Abstractive Summarization using Abstract Meaning Representation	EMNLP	2018	http://aclweb.org/anthology/D18-1086		"Applications, Summarization"
"Ida Szubert, Adam Lopez, Nathan Schneider"	A Structured Syntax-Semantics Interface for English-AMR Alignment	NAACL-HLT	2018	http://aclweb.org/anthology/N18-1106		"Alignment, Syntax/grammar, Dependency Trees"
"Jonas Groschwitz, Matthias Lindemann, Meaghan Fowlie, Mark Johnson, Alexander Koller"	AMR dependency parsing with a typed semantic algebra	ACL	2018	http://aclweb.org/anthology/P18-1170	https://arxiv.org/abs/1805.11465	"Parsing, Graph algebra"
"Kexin Liao, Logan Lebanoff, Fei Liu"	Abstract Meaning Representation for Multi-Document Summarization	COLING	2018	http://aclweb.org/anthology/C18-1101	https://arxiv.org/abs/1806.05655	"Applications, Summarization"
"Li Song, Yuan Wen, Sijia Ge, Bin Li, Junsheng Zhou, Weiguang Qu, Nianwen Xue"	An Easier and Efficient Framework to Annotate Semantic Roles: Evidence from the Chinese AMR Corpus	Workshop on Asian Language Resources	2018	http://lrec-conf.org/workshops/lrec2018/W29/pdf/15_W29.pdf		"Annotation, Multilingual"
"Linfeng Song, Yue Zhang, Zhiguo Wang, Daniel Gildea"	A Graph-to-Sequence Model for AMR-to-Text Generation	ACL	2018	http://aclweb.org/anthology/P18-1150	https://arxiv.org/abs/1805.02473	Generation
"Lucia Donatelli, Michael Regan, William Croft, Nathan Schneider"	Annotation of tense and aspect semantics for sentential AMR	LAW-MWE-CxG	2018	http://aclweb.org/anthology/W18-4912		AMR Extensions
"Marco Damonte, Shay B. Cohen"	Cross-Lingual Abstract Meaning Representation Parsing	NAACL-HLT	2018	"{ pdf : http://aclweb.org/anthology/N18-1104, data : https://catalog.ldc.upenn.edu/LDC2020T07}"		"Parsing, Multilingual"
"Noelia Migueles-Abraira, Rodrigo Agerri, Arantza Diaz de Ilarraza"	Annotating Abstract Meaning Representations for Spanish	LREC	2018	http://www.lrec-conf.org/proceedings/lrec2018/pdf/743.pdf		"Annotation, Multilingual"
"Richard Crouch, Aikaterini-Lida Kalouli"	Named Graphs for Semantic Representation	*SEM	2018	http://aclweb.org/anthology/S18-2013		AMR Extensions
"Sebastian Beschke, Wolfgang Menzel"	Graph Algebraic Combinatory Categorial Grammar	*SEM	2018	http://aclweb.org/anthology/S18-2006		"Parsing, CCG, Graph algebra"
"Tim O’Gorman, Michael Regan, Kira Griffitt, Martha Palmer, Ulf Hermjakob, Kevin Knight"	AMR Beyond the Sentence: the Multi-sentence AMR corpus	COLING	2018	http://www.aclweb.org/anthology/C18-1313		AMR Extensions
"Tim O'Gorman, Sameer Pradhan, Martha Palmer, Julia Bonn, Kathryn Conger, James Gung"	The New Propbank: Aligning Propbank with AMR through POS Unification	LREC	2018	http://www.lrec-conf.org/proceedings/lrec2018/pdf/1074.pdf		AMR Extensions
"Yijia Liu, Wanxiang Che, Bo Zheng, Bing Qin, Ting Liu"	An AMR Aligner Tuned by Transition-based Parser	EMNLP	2018	http://aclweb.org/anthology/D18-1264	https://arxiv.org/abs/1810.03541	"Alignment, Parsing, Transition-based"
"Yufei Chen, Weiwei Sun, Xiaojun Wan"	Accurate SHRG-Based Semantic Parsing	ACL	2018	http://aclweb.org/anthology/P18-1038		"Parsing, Graph algebra"
"Zhijiang Guo, Wei Lu"	Better Transition-Based AMR Parsing with a Refined Search Space	EMNLP	2018	http://aclweb.org/anthology/D18-1198		"Parsing, Transition-based"
Ulf Hermjakob	AMR Editor: A tool to build Abstract Meaning Representations	manuscript		"{ pdf : http://amr.isi.edu/papers/amr-editor-ulf2013a.pdf, Tool : http://www.isi.edu/~ulf/amr/AMR-editor.html }"		Annotation tool
Ulf Hermjakob	AMR Annotation Dictionary (maintained by Ulf Hermjakob).			"{ Tool : http://www.isi.edu/~ulf/amr/lib/amr-dict.html}"		Annotation tool
"Linfeng Song, Daniel Gildea, Yue Zhang, Zhiguo Wang, Jinsong Su"	Semantic Neural Machine Translation using AMR	TACL	2019	https://www.aclweb.org/anthology/Q19-1002	https://arxiv.org/abs/1902.07282	"Applications, MT"
"Kris Cao, Stephen Clark"	Factorising AMR generation through syntax	NAACL	2019	https://www.aclweb.org/anthology/N19-1223	https://arxiv.org/abs/1804.07707	"Generation, Syntax/grammar"
"Marco Damonte, Shay B. Cohen"	Structural Neural Encoders for AMR-to-text Generation	NAACL	2019	https://www.aclweb.org/anthology/N19-1366	https://arxiv.org/abs/1903.11410	"Generation"
"Juri Opitz, Anette Frank"	Automatic Accuracy Prediction for AMR Parsing	*SEM	2019	https://www.aclweb.org/anthology/S19-1024	https://arxiv.org/abs/1904.08301	"Parsing"
"Emma Manning"	A partially rule-based approach to AMR generation	NAACL SRW	2019	https://www.aclweb.org/anthology/N19-3009		"Generation"
"Linfeng Song, Daniel Gildea"	SemBleu: A robust metric for AMR parsing evaluation	ACL	2019	https://www.aclweb.org/anthology/P19-1446	https://arxiv.org/abs/1905.10726	Evaluation
"Sheng Zhang, Xutai Ma, Kevin Duh, Benjamin Van Durme"	AMR parsing as sequence-to-graph transduction	ACL	2019	https://www.aclweb.org/anthology/P19-1009	https://arxiv.org/abs/1905.08704	"Parsing, Graph-based"
"Daniel Gildea, Giorgio Satta, Xiaochang Peng"	Ordered Tree Decomposition for HRG Rule Extraction	Computational Linguistics 45(2)	2019	https://www.mitpressjournals.org/doi/full/10.1162/coli_a_00350		"Parsing, Graph algebra"
"Marco Antonio Sobrevilla Cabezudo, Thiago Alexandre Salgueiro Pardo"	"Towards a General Abstract Meaning Representation Corpus for Brazilian Portuguese"	Linguistic Annotation Workshop	2019	https://www.aclweb.org/anthology/W19-4028		"Annotation, Multilingual"
"Claire Bonial, Lucia Donatelli, Stephanie M. Lukin, Stephen Tratz, Ron Artstein, David Traum, Clare R. Voss"	"Augmenting Abstract Meaning Representation for Human-Robot Dialogue"	Designing Meaning Representations Workshop	2019	https://www.aclweb.org/anthology/W19-3322		"AMR Extensions, Applications"
"Yihuan Liu, Bin Li, Peiyi Yan, Li Song, Weiguang Qu"	"Ellipsis in Chinese AMR Corpus"	Designing Meaning Representations Workshop	2019	https://www.aclweb.org/anthology/W19-3310		"Annotation, Multilingual"
"Hyonsu Choe, Jiyoon Han, Hyejin Park, Hansaem Kim"	"Copula and Case-Stacking Annotations for Korean AMR"	Designing Meaning Representations Workshop	2019	https://www.aclweb.org/anthology/W19-3314		"Annotation, Multilingual"
"James Pustejovsky, Ken Lai, Nianwen Xue"	"Modeling Quantification and Scope in Abstract Meaning Representations"	Designing Meaning Representations Workshop	2019	https://www.aclweb.org/anthology/W19-3303		"AMR Extensions"
"Ha Linh, Huyen Nguyen"	"A Case Study on Meaning Representation for Vietnamese"	Designing Meaning Representations Workshop	2019	https://www.aclweb.org/anthology/W19-3317		"Annotation, Multilingual"
"Zi Lin, Nianwen Xue"	"Parsing Meaning Representations: Is Easier Always Better?"	Designing Meaning Representations Workshop	2019	https://www.aclweb.org/anthology/W19-3304		"Parsing"
"Tahira Naseem, Abhishek Shah, Hui Wan, Radu Florian, Salim Roukos, Miguel Ballesteros"	Rewarding Smatch: Transition-Based AMR Parsing with Reinforcement Learning	ACL	2019	https://www.aclweb.org/anthology/P19-1451		"Parsing, Transition-based, Reinforcement-Learning"
"Leonardo F. R. Ribeiro, Claire Gardent, Iryna Gurevych"	Enhancing AMR-to-Text Generation with Dual Graph Representations	EMNLP	2019	https://www.aclweb.org/anthology/D19-1314/	https://arxiv.org/abs/1909.00352	"Generation"
"Sheng Zhang, Xutai Ma, Kevin Duh, Benjamin Van Durme"	Broad-Coverage Semantic Parsing as Transduction	EMNLP	2019	https://www.aclweb.org/anthology/D19-1392/	https://arxiv.org/abs/1909.02607	"Parsing"
"Michael Wayne Goodman"	AMR Normalization for Fairer Evaluation	preprint	2019		https://arxiv.org/abs/1909.01568	"Evaluation"
"Jie Zhu, Junhui Li, Muhua Zhu, Longhua Qian, Min Zhang, Guodong Zhou"	Modeling Graph Structure in Transformer for Better AMR-to-Text Generation	EMNLP	2019	https://www.aclweb.org/anthology/D19-1548/	https://arxiv.org/abs/1909.00136	"Generation, Transformer"
"DongLai Ge, Junhui Li, Muhua Zhu, Shoushan Li"	Modeling Source Syntax and Semantics for Neural AMR Parsing	IJCAI	2019	https://www.ijcai.org/proceedings/2019/691		"Parsing, Syntax/grammar"
"Deng Cai, Wai Lam"	Core Semantic First: A Top-down Approach for AMR Parsing	EMNLP	2019	https://www.aclweb.org/anthology/D19-1393/	https://arxiv.org/abs/1909.04303	"Parsing, Evaluation"
"Guy Lapalme"	Verbalizing AMR Structures	Manuscript	2019	"{pdf: http://rali.iro.umontreal.ca/rali/sites/default/files/publis/GoPhi.pdf, code: https://github.com/rali-udem/gophi, demo: http://rali.iro.umontreal.ca/amr/current/build/amrVerbalizer.cgi}"		"Generation"
"Marco Antonio Sobrevilla Cabezudo, Simon Mille, Thiago Pardo"	Back-Translation as Strategy to Tackle the Lack of Corpus in Natural Language Generation from Semantic Representations	Multilingual Surface Realisation Workshop	2019	https://www.aclweb.org/anthology/D19-6313/		"Generation"
"Lisa Jin, Daniel Gildea"	AMR-to-Text Generation with Cache Transition Systems	preprint	2019		https://arxiv.org/abs/1912.01682	"Generation"
"Sebastian Beschke"	Exploring Graph-Algebraic CCG Combinators for Syntactic-Semantic AMR Parsing	RANLP	2019	https://www.aclweb.org/anthology/R19-1014/		"Parsing, CCG, Graph algebra"
"Mitchell Abrams, Claire Bonial, Lucia Donatelli"	"Graph-to-Graph Meaning Representation Transformations for Human-Robot Dialogue"	SCiL	2020	https://scholarworks.umass.edu/scil/vol3/iss1/50/		"AMR Extensions, Applications"
"Juri Opitz, Letitia Parcalabescu, Anette Frank"	"AMR Similarity Metrics from Principles"	TACL	2020	"{pdf: https://aclanthology.org/2020.tacl-1.34, code: https://github.com/Heidelberg-NLP/amr-metric-suite}"	https://arxiv.org/abs/2001.10929	"Evaluation, AMR Extensions"
"Emma Manning, Shira Wein, Nathan Schneider"	A Human Evaluation of AMR-to-English Generation Systems	COLING	2020	https://www.aclweb.org/anthology/2020.coling-main.420	https://arxiv.org/abs/2004.06814	"Evaluation, Generation"
"Johannes Dellert"	Exploring Probabilistic Soft Logic as a framework for integrating top-down and bottom-up processing of language in a task context	preprint	2020		https://arxiv.org/abs/2004.07000	"Applications"
"Deng Cai, Wai Lam"	Graph Transformer for Graph-to-Sequence Learning	AAAI	2020	https://aaai.org/ojs/index.php/AAAI/article/view/6243	https://arxiv.org/abs/1911.07470	"Generation"
"Deng Cai, Wai Lam"	AMR Parsing via Graph-Sequence Iterative Inference	ACL	2020	https://www.aclweb.org/anthology/2020.acl-main.119	https://arxiv.org/abs/2004.05572	"Parsing"
"Marco Damonte"	Understanding and Generating Language with Abstract Meaning Representation	Ph.D. thesis, University of Edinburgh	2020	https://era.ed.ac.uk/handle/1842/36731		"Parsing, Generation, Multilingual, Evaluation"
"Jonas Groschwitz"	Methods for taking semantic graphs apart and putting them back together again	Ph.D. thesis, Saarland University and Macquarie University	2019	https://www.researchonline.mq.edu.au/vital/access/manager/Repository/mq:71045		"Parsing, Graph algebra"
"Jeffrey Flanigan"	Parsing and Generation for the Abstract Meaning Representation	Ph.D. thesis, Carnegie Mellon University	2018	https://www.lti.cs.cmu.edu/sites/default/files/flanigan%2C%20jeffrey.pdf		"Parsing, Generation"
"Chuan Wang"	Abstract Meaning Representation Parsing	Ph.D. thesis, Brandeis University	2018	https://www.cs.brandeis.edu/~cwang24/files/thesis-wang.pdf		"Parsing, Multilingual"
"Wei-Te Chen"	Abstract Meaning Representation Parsing with Rich Linguistic Features	Ph.D. thesis, University of Colorado Boulder	2017	https://scholar.colorado.edu/concern/graduate_thesis_or_dissertations/ht24wj605		"Parsing"
"Tim O'Gorman"	Bringing together computational and linguistic models of implicit role interpretation	Ph.D. thesis, University of Colorado Boulder	2019	https://search.proquest.com/docview/2301892687/abstract/B52EE13541A74D75PQ/1		"AMR Extensions"
"Li Song, Yuling Dai, Yihuan Liu, Bin Li, Weiguang Qu"	Construct a sense-frame aligned predicate lexicon for Chinese AMR corpus	LREC	2020	https://www.aclweb.org/anthology/2020.lrec-1.362		"Multilingual"
"Claire Bonial, Lucia Donatelli, Mitchell Abrams, Stephanie M. Lukin, Stephen Tratz, Matthew Marge, Ron Artstein, David Traum, Clare Voss"	Dialogue-AMR: Abstract Meaning Representation for dialogue	LREC	2020	https://www.aclweb.org/anthology/2020.lrec-1.86		"AMR Extensions, Applications"
"Julia Bonn, Martha Palmer, Zheng Cai, Kristin Wright-Bettner"	Spatial AMR: Expanded spatial annotation in the context of a grounded Minecraft corpus	LREC	2020	https://www.aclweb.org/anthology/2020.lrec-1.601		"AMR Extensions, Applications"
"Soham Dan, Parisa Kordjamshidi, Julia Bonn, Archna Bhatia, Zheng Cai, Martha Palmer, Dan Roth"	From spatial relations to spatial configurations	LREC	2020	https://www.aclweb.org/anthology/2020.lrec-1.717		"AMR Extensions, Applications"
"Qiji Zhou, Yue Zhang, Donghong Ji, Hao Tang"	AMR Parsing with Latent Structural Information	ACL	2020	https://www.aclweb.org/anthology/2020.acl-main.397		"Parsing"
"Manuel Mager, Ramón Fernandez Astudillo, Tahira Naseem, Md Arafat Sultan, Young-Suk Lee, Radu Florian, Salim Roukos"	GPT-too: A language-model-first approach for AMR-to-text generation	ACL	2020	"{pdf: https://www.aclweb.org/anthology/2020.acl-main.167, code: https://github.com/IBM/GPT-too-AMR2text}"	https://arxiv.org/abs/2005.09123	"Generation"
"Yanbin Zhao, Lu Chen, Zhi Chen, Ruisheng Cao, Su Zhu, Kai Yu"	Line Graph Enhanced AMR-to-Text Generation with Mix-Order Graph Attention Networks	ACL	2020	https://www.aclweb.org/anthology/2020.acl-main.67		"Generation"
"Juri Opitz"	AMR quality rating with a lightweight CNN	AACL	2020	https://www.aclweb.org/anthology/2020.aacl-main.27	https://arxiv.org/abs/2005.12187	"Parsing"
"Martin van Harmelen, Jonas Groschwitz"	Graphs with Multiple Sources per Vertex	preprint	2020		https://arxiv.org/abs/2006.11159	"Graph algebra"
"Michael Wayne Goodman"	Penman: An Open-Source Library and Tool for AMR Graphs	ACL (Demo session)	2020	https://www.aclweb.org/anthology/2020.acl-demos.35		"Evaluation"
"Tianming Wang, Xiaojun Wan, Hanqi Jin"	AMR-To-Text Generation with Graph Transformer	TACL	2020	https://www.mitpressjournals.org/doi/full/10.1162/tacl_a_00297		"Generation"
"Tianming Wang, Xiaojun Wan, Shaowei Yao"	Better AMR-to-text generation with graph structure reconstruction	IJCAI-PRICAI	2020	https://www.ijcai.org/proceedings/2020/542		"Generation"
"Daniel Beck, Gholamreza Haffari, Trevor Cohn"	Graph-to-Sequence Learning using Gated Graph Neural Networks	ACL	2018	"{pdf: https://www.aclweb.org/anthology/P18-1026, code: https://github.com/beckdaniel/acl2018_graph2seq}"	https://arxiv.org/abs/1806.09835	"Generation"
"Stephan Oepen, Omri Abend, Jan Hajic, Daniel Hershcovich, Marco Kuhlmann, Tim O’Gorman, Nianwen Xue, Jayeol Chun, Milan Straka, Zdenka Uresova"	MRP 2019: Cross-Framework Meaning Representation Parsing	CoNLL	2019	https://www.aclweb.org/anthology/K19-2001		"Shared Task Overview, Parsing"
"Leonardo F. R. Ribeiro, Martin Schmitt, Hinrich Schütze, Iryna Gurevych"	Investigating Pretrained Language Models for Graph-to-Text Generation	preprint	2020		https://arxiv.org/abs/2007.08426	"Generation"
"Matthias Lindemann, Jonas Groschwitz, Alexander Koller"	Fast semantic parsing with well-typedness guarantees	EMNLP	2020	https://www.aclweb.org/anthology/2020.emnlp-main.323	https://arxiv.org/abs/2009.07365	"Parsing, Graph algebra"
"Dongqin Xu, Junhui Li, Muhua Zhu, Min Zhang, Guodong Zhou"	Improving AMR Parsing with Sequence-to-Sequence Pre-training	EMNLP	2020	https://www.aclweb.org/anthology/2020.emnlp-main.196	https://arxiv.org/abs/2010.01771	"Parsing, Seq2Seq"
"Juri Opitz, Anette Frank"	Towards a Decomposable Metric for Explainable Evaluation of Text Generation from AMR	EACL	2021	https://aclanthology.org/2021.eacl-main.129	https://arxiv.org/abs/2008.08896	"Evaluation, Generation"
"Xuefeng Bai, Linfeng Song, Yue Zhang"	Online Back-Parsing for AMR-to-Text Generation	EMNLP	2020	https://www.aclweb.org/anthology/2020.emnlp-main.92	https://arxiv.org/abs/2010.04520	"Generation"
"Yan Zhang, Zhijiang Guo, Zhiyang Teng, Wei Lu, Shay B. Cohen, Zuozhu Liu, Lidong Bing"	Lightweight, Dynamic Graph Convolutional Networks for AMR-to-Text Generation	EMNLP	2020	https://www.aclweb.org/anthology/2020.emnlp-main.169	https://arxiv.org/abs/2010.04383	"Generation"
"Young-Suk Lee, Ramón Fernandez Astudillo, Tahira Naseem, Revanth Gangi Reddy, Radu Florian, Salim Roukos"	Pushing the Limits of AMR Parsing with Self-Learning	Findings of EMNLP	2020	"{pdf: https://www.aclweb.org/anthology/2020.findings-emnlp.288, code: https://github.com/IBM/transition-amr-parser}"	https://arxiv.org/abs/2010.10673	"Parsing, Transition-based"
"Ramón Fernandez Astudillo, Miguel Ballesteros, Tahira Naseem, Austin Blodgett, Radu Florian"	Transition-based Parsing with Stack-Transformers	Findings of EMNLP	2020	"{pdf: https://www.aclweb.org/anthology/2020.findings-emnlp.89, code: https://github.com/IBM/transition-amr-parser}"	https://arxiv.org/abs/2010.10669	"Parsing, Transition-based"
"Rexhina Blloshmi, Rocco Tripodi, Roberto Navigli"	XL-AMR: Enabling Cross-Lingual AMR Parsing with Transfer Learning Techniques	EMNLP	2020	https://www.aclweb.org/anthology/2020.emnlp-main.195		"Parsing, Seq2Seq, Multilingual"
"Chunchuan Lyu, Shay B. Cohen, Ivan Titov"	A Differentiable Relaxation of Graph Segmentation and Alignment for AMR Parsing	preprint	2020		https://arxiv.org/abs/2010.12676	"Parsing, Alignment"
"Jungwoo Lim, Dongsuk Oh, Yoonna Jang, Kisu Yang, Heuiseok Lim"	I Know What You Asked: Graph Path Learning using AMR for Commonsense Reasoning	COLING	2020	https://www.aclweb.org/anthology/2020.coling-main.222	https://arxiv.org/abs/2011.00766	"Applications"
"Angela Fan, Claire Gardent"	Multilingual AMR-to-Text Generation	EMNLP	2020	https://www.aclweb.org/anthology/2020.emnlp-main.231		"Generation, Multilingual"
"Rafael Anchiêta, Thiago Pardo"	Semantically Inspired AMR Alignment for the Portuguese Language	EMNLP	2020	https://www.aclweb.org/anthology/2020.emnlp-main.123		"Alignment, Multilingual"
"Marco Damonte, Ida Szubert, Shay B. Cohen, Mark Steedman"	The Role of Reentrancies in Abstract Meaning Representation Parsing	Findings of EMNLP	2020	https://www.aclweb.org/anthology/2020.findings-emnlp.199		"Parsing, Annotation"
"Stephan Oepen, Omri Abend, Lasha Abzianidze, Johan Bos, Jan Hajic, Daniel Hershcovich, Bin Li, Tim O’Gorman, Nianwen Xue, Daniel Zeman"	MRP 2020: The Second Shared Task on Cross-Framework and Cross-Lingual Meaning Representation Parsing	CoNLL	2020	https://www.aclweb.org/anthology/2020.conll-shared.1		"Shared Task Overview, Parsing"
"Hiroaki Ozaki, Gaku Morio, Yuta Koreeda, Terufumi Morishita, Toshinori Miyoshi"	Hitachi at MRP 2020: Text-to-Graph-Notation Transducer	CoNLL	2020	https://www.aclweb.org/anthology/2020.conll-shared.4		"Parsing, Seq2Seq"
"David Samuel, Milan Straka"	ÚFAL at MRP 2020: Permutation-invariant Semantic Parsing in PERIN	CoNLL	2020	https://www.aclweb.org/anthology/2020.conll-shared.5		"Parsing, Graph-based"
"Longxu Dou, Yunlong Feng, Yuqiu Ji, Wanxiang Che, Ting Liu"	HIT-SCIR at MRP 2020: Transition-based Parser and Iterative Inference Parser	CoNLL	2020	https://www.aclweb.org/anthology/2020.conll-shared.6		"Parsing, Transition-based"
"Ofir Arviv, Ruixiang Cui, Daniel Hershcovich"	HUJI-KU at MRP 2020: Two Transition-based Neural Parsers	CoNLL	2020	https://www.aclweb.org/anthology/2020.conll-shared.7		"Parsing, Transition-based"
"Seung-Hoon Na, Jinwoo Min"	JBNU at MRP 2020: AMR Parsing Using a Joint State Model for Graph-Sequence Iterative Inference	CoNLL	2020	https://www.aclweb.org/anthology/2020.conll-shared.8		"Parsing"
"Lisa Jin, Daniel Gildea"	Generalized Shortest-Paths Encoders for AMR-to-Text Generation	COLING	2020	https://www.aclweb.org/anthology/2020.coling-main.181		"Generation"
"Tatiana Anikina, Alexander Koller, Michael Roth"	Predicting Coreference in Abstract Meaning Representations	Computational Models of Reference, Anaphora and Coreference Workshop	2020	https://www.aclweb.org/anthology/2020.crac-1.4		"Parsing, Annotation, Coreference"
"Kenneth Lai, Lucia Donatelli, James Pustejovsky"	A Continuation Semantics for Abstract Meaning Representation	Designing Meaning Representations Workshop	2020	https://www.aclweb.org/anthology/2020.dmr-1.1		"AMR Extensions"
"Johan Bos"	Separating Argument Structure from Logical Structure in AMR	Designing Meaning Representations Workshop	2020	https://www.aclweb.org/anthology/2020.dmr-1.2	https://arxiv.org/abs/1908.01355	"AMR Extensions"
"Hyonsu Choe, Jiyoon Han, Hyejin Park, Tae Hwan Oh, Hansaem Kim"	Building Korean Abstract Meaning Representation Corpus	Designing Meaning Representations Workshop	2020	https://www.aclweb.org/anthology/2020.dmr-1.3		"Multilingual"
"Meagan Vigus, Jens E. L. Van Gysel, Tim O’Gorman, Andrew Cowell, Rosa Vallejos, William Croft"	Cross-lingual annotation: a road map for low- and no-resource languages	Designing Meaning Representations Workshop	2020	https://www.aclweb.org/anthology/2020.dmr-1.4		"Multilingual"
"Claire Bonial, Stephanie M. Lukin, David Doughty, Steven Hill, Clare Voss"	InfoForager: Leveraging Semantic Search with AMR for COVID-19 Research	Designing Meaning Representations Workshop	2020	https://www.aclweb.org/anthology/2020.dmr-1.7		"Applications"
"Michele Bevilacqua, Rexhina Blloshmi, Roberto Navigli"	One SPRING to Rule Them Both: Symmetric AMR Semantic Parsing and Generation without a Complex Pipeline	AAAI	2021	"{pdf: https://github.com/SapienzaNLP/spring/raw/main/docs/preprint.pdf, code: https://github.com/SapienzaNLP/spring}"		"Parsing, Generation, Seq2Seq"
"Mary Martin, Cecilia Mauceri, Martha Palmer, Christoffer Heckman"	Leveraging Non-Specialists for Accurate and Time Efficient AMR Annotation	Citizen Linguistics in Language Resource Development Workshop	2020	https://www.aclweb.org/anthology/2020.cllrd-1.5		"Annotation, Applications"
"Leonardo F. R. Ribeiro, Yue Zhang, Iryna Gurevych"	Structural Adapters in Pretrained Language Models for AMR-to-text Generation	preprint	2021		https://arxiv.org/abs/2103.09120	"Generation"
"Alexander Hoyle, Ana Marasović, Noah Smith"	Promoting Graph Awareness in Linearized Graph-to-Text Generation	preprint	2020		https://arxiv.org/abs/2012.15793	"Generation"
"Adylan Roaffa Ilmy, Masayu Leylia Khodra"	Parsing Indonesian Sentence into Abstract Meaning Representation using Machine Learning Approach	preprint	2021		https://arxiv.org/abs/2103.03730	"Parsing, Multilingual"
"Jiawei Zhou, Tahira Naseem, Ramón Fernandez Astudillo, Radu Florian"	AMR Parsing with Action-Pointer Transformer	NAACL-HLT	2021	https://aclanthology.org/2021.naacl-main.443	https://arxiv.org/abs/2104.14674	"Parsing, Transition-based"
"Austin Blodgett, Nathan Schneider"	Probabilistic, Structure-Aware Algorithms for Improved Variety, Accuracy, and Coverage of AMR Alignments	ACL-IJCNLP	2021	"{data/code: https://github.com/ablodge/leamr, pdf: https://aclanthology.org/2021.acl-long.257}"	https://arxiv.org/abs/2106.06002	"Alignment"
"Claire Bonial, Mitchell Abrams, David Traum, Clare Voss"	Builder, we have done it: Evaluating & Extending Dialogue-AMR NLU Pipeline for Two Collaborative Domains	IWCS	2021	https://aclanthology.org/2021.iwcs-1.17		"Applications"
"Yitao Cai, Zhe Lin, Xiaojun Wan"	Making Better Use of Bilingual Information for Cross-Lingual AMR Parsing	Findings of ACL	2021	https://aclanthology.org/2021.findings-acl.134	https://arxiv.org/abs/2106.04814	"Parsing, Seq2Seq, Multilingual"
"Sarah Uhrig, Yoalli Rezepka Garcia, Juri Opitz, Anette Frank"	Translate, then Parse! A strong baseline for Cross-Lingual AMR Parsing	IWPT	2021	https://aclanthology.org/2021.iwpt-1.6	https://arxiv.org/abs/2106.04565	"Parsing, MT-based, Multilingual"
"Emanuele Bastianelli, Giuseppe Castellucci, Danilo Croce, Luca Iocchi, Roberto Basili, Daniele Nardi"	HuRIC: a Human Robot Interaction Corpus	LREC	2014	https://www.aclweb.org/anthology/L14-1440		"AMR Extensions, Applications"
"Rik van Noord"	Character-based Neural Semantic Parsing	Ph.D. thesis, University of Groningen	2021	https://doi.org/10.33612/diss.169308968		"Parsing, Seq2Seq"
"Austin Blodgett, Nathan Schneider"	An Improved Approach for Semantic Graph Composition with CCG	IWCS	2019	https://aclanthology.org/W19-0405	https://arxiv.org/abs/1903.11770	"Syntax/grammar"
"Xiang Li, Thien Huu Nguyen, Kai Cao, Ralph Grishman"	Improving Event Detection with Abstract Meaning Representation	Workshop on Computing News Storylines	2015	https://aclanthology.org/W15-4502/		"Applications"
"Zixuan Zhang, Heng Ji"	Abstract Meaning Representation Guided Graph Encoding and Decoding for Joint Information Extraction	NAACL	2021	https://aclanthology.org/2021.naacl-main.4/		"Applications"
"Daniel Hershcovich, Omri Abend, Ari Rappoport"	Multitask Parsing Across Semantic Representations	ACL	2018	https://aclanthology.org/P18-1035/		"Parsing, Transition-based"
"Sinh Trong Vu, Minh Le Nguyen, Ken Satoh"	Abstract meaning representation for legal documents: an empirical research on a human-annotated dataset	Artificial Intelligence and Law	2021	https://link.springer.com/article/10.1007/s10506-021-09292-6		"Applications"
"Sinh Vu Trong, Minh Nguyen Le"	An empirical evaluation of AMR parsing for legal documents	preprint	2018		https://arxiv.org/abs/1811.08078	"Applications"
"Han He, Jinho D. Choi"	Levi Graph AMR Parser using Heterogeneous Attention	IWPT	2021	https://aclanthology.org/2021.iwpt-1.5	https://arxiv.org/abs/2107.04152	"Parsing"
"Xuefeng Bai, Yulong Chen, Linfeng Song, Yue Zhang"	Semantic Representation for Dialogue Modeling	ACL	2021	https://aclanthology.org/2021.acl-long.342/		"Applications, Dialogue"
"Jiawei Zhou, Tahira Naseem, Ramón Fernandez Astudillo, Young-Suk Lee, Radu Florian, Salim Roukos"	Structure-aware Fine-tuning of Sequence-to-sequence Transformers for Transition-based AMR Parsing	EMNLP	2021	https://aclanthology.org/2021.emnlp-main.507/		"Parsing, Transition-based"
"Werner Winiwarter"	JAMRED: a Japanese abstract meaning representation editor 	iiWAS	2015	https://dl.acm.org/doi/pdf/10.1145/2837185.2837246/		"Multilingual"
"Long H. B. Nguyen , Viet H. Pham, Dien Dinh"	Improving Neural Machine Translation with AMR Semantic Graphs	Mathematical Problems in Engineering	2021	https://www.hindawi.com/journals/mpe/2021/9939389/		"Applications, MT"
"Jens E. L. Van Gysel, Meagan Vigus, Jayeol Chun, Kenneth Lai, Sarah Moeller, Jiarui Yao, Tim O’Gorman, Andrew Cowell, William Croft, Chu-Ren Huang, Jan Hajič, James H. Martin, Stephan Oepen, Martha Palmer, James Pustejovsky, Rosa Vallejos, Nianwen Xue"	Designing a Uniform Meaning Representation for Natural Language Processing	Künstliche Intelligenz	2021	https://link.springer.com/article/10.1007/s13218-021-00722-w		"Multilingual, AMR Extensions"
"Sheng Zhang, Xutai Ma, Kevin Duh, Benjamin Van Durme"	Broad-Coverage Semantic Parsing as Transduction	EMNLP-IJCNLP	2019	https://aclanthology.org/D19-1392.pdf	https://arxiv.org/pdf/1909.02607.pdf	"Parsing, Transition-based, Graph-based"
"Janaki Sheth, Young-Suk Lee, Ramón Fernandez Astudillo, Tahira Naseem, Radu Florian, Salim Roukos, Todd Ward"	Bootstrapping Multilingual AMR with Contextual Word Alignments	EACL	2021	https://aclanthology.org/2021.eacl-main.30.pdf	https://arxiv.org/pdf/2102.02189.pdf	"Alignment, Multilingual"
"Geetanjali Rakshit, Jeffrey Flanigan"	ASQ: Automatically Generating Question-Answer Pairs using AMRs	preprint	2021		https://arxiv.org/pdf/2105.10023.pdf	"Applications, Question Answering"
"Omri Abend, Ari Rappoport"	The State of the Art in Semantic Representation	ACL	2017	https://aclanthology.org/P17-1008.pdf		Overview
"Luigi Procopio, Rocco Tripodi, Roberto Navigli"	SGL: Speaking the Graph Languages of Semantic Parsing via Multilingual Translation	NAACL	2021	https://aclanthology.org/2021.naacl-main.30.pdf		"Parsing, Seq2Seq, MT-based"
"Yuki Yamamoto, Yuji Matsumoto, Taro Watanabe"	Dependency Patterns of Complex Sentences and Semantic Disambiguation for Abstract Meaning Representation Parsing	*SEM	2021	https://aclanthology.org/2021.starsem-1.20.pdf		Parsing
"Zixuan Zhang, Nikolaus Parulian, Heng Ji, Ahmed S. Elsayed, Skatje Myers, Martha Palmer"	Fine-grained Information Extraction from Biomedical Literature based on Knowledge-enriched Abstract Meaning Representation	ACL	2021	https://aclanthology.org/2021.acl-long.489.pdf		"Applications, Biomedical, Information Extraction"
"Ziyi Shou, Fangzhen Lin"	Incorporating EDS Graph for AMR Parsing	*SEM	2021	https://aclanthology.org/2021.starsem-1.19.pdf		"Parsing, Transition-based"
"Qiankun Fu, Linfeng Song, Wenyu Du, Yue Zhang"	End-to-End AMR Coreference Resolution	ACL	2021	https://aclanthology.org/2021.acl-long.324.pdf		"Document-level AMR, Coreference"
"Dongqin Xu, Junhui Li, Muhua Zhu, Min Zhang, Guodong Zhou"	XLPT-AMR: Cross-Lingual Pre-Training via Multi-Task Learning for Zero-Shot AMR Parsing and Text Generation	ACL	2021	https://aclanthology.org/2021.acl-long.73.pdf		"Parsing, Generation, Multilingual, Multi-task Learning, MT"
"Jonas Groschwitz, Meaghan Fowlie, Alexander Koller"	Learning compositional structures for semantic graph parsing	SPNLP	2021	https://aclanthology.org/2021.spnlp-1.3.pdf	https://arxiv.org/pdf/2106.04398.pdf	Parsing
"Juri Opitz, Angel Daza, Anette Frank"	Weisfeiler-Leman in the BAMBOO: Novel AMR Graph Metrics and a Benchmark for AMR Graph Similarity	TACL	2021	"{pdf: https://aclanthology.org/2021.tacl-1.85/, code: https://github.com/Heidelberg-NLP/weisfeiler-leman-bamboo}"	https://arxiv.org/pdf/2108.11949.pdf	Evaluation
"Lisa Jin, Daniel Gildea"	Latent Tree Decomposition Parsers for AMR-to-Text Generation	preprint	2021		https://arxiv.org/pdf/2108.12304.pdf	"Generation, Graph-based"
"Lisa Jin, Daniel Gildea"	Tree Decomposition Attention for AMR-to-Text Generation	preprint	2021		https://arxiv.org/pdf/2108.12300.pdf	"Generation, Graph-based"
"Anca-Elena Iordan"	Automatic Comprehension of Geometry Problems using AMR Parser	International Conference on Software Engineering and Knowledge Engineering	2021	https://ksiresearch.org/seke/seke21paper/paper168.pdf		"Applications, Question Answering"
"Marcio Lima Inácio, Thiago Alexandre Salgueiro Pardo"	Semantic-Based Opinion Summarization	RANLP	2021	"{ pdf : https://acl-bg.org/proceedings/2021/RANLP%202021/pdf/2021.ranlp-1.70.pdf, code : https://github.com/Superar/SemOpinionS }"		"Applications, Summarization"
"Peiyi Wang, Liang Chen, Tianyu Liu, Baobao Chang, Zhifang Sui"	Hierarchical Curriculum Learning for AMR Parsing	preprint	2021		https://arxiv.org/abs/2110.07855	"Parsing, Curriculum Learning"
"Fei-Tzin Lee, Chris Kedzie, Nakul Verma, Kathleen McKeown"	An analysis of document graph construction methods for AMR summarization	preprint	2021		https://arxiv.org/pdf/2111.13993.pdf	"Document-level AMR, Summarization, Evaluation"
"Z. Uresova, J. Hajic, O. Bojar"	Comparing Czech and English AMRs	Workshop on Lexical and Grammatical Resources for Language Processing	2014	https://aclanthology.org/W14-5808v2.pdf		"Multilingual, Annotation"
"Mollie F. Bakal"	Graph-to-Graph Translations To Augment Abstract Meaning Representation Tense And Aspect	B.S. Thesis University of Michigan	2021	https://deepblue.lib.umich.edu/bitstream/handle/2027.42/169387/bakalm.pdf?sequence=1		"AMR Extensions"
"Katharina Stein, Lucia Donatelli"	Representing Implicit Positive Meaning of Negated Statements in AMR	The Joint 15th Linguistic Annotation Workshop (LAW) and 3rd Designing Meaning Representations (DMR) Workshop	2021	https://aclanthology.org/2021.law-1.3/		"AMR Extensions"
"Shira Wein, Nathan Schneider"	Classifying Divergences in Cross-lingual AMR Pairs	The Joint 15th Linguistic Annotation Workshop (LAW) and 3rd Designing Meaning Representations (DMR) Workshop	2021	"{pdf : https://aclanthology.org/2021.law-1.6/, data : https://github.com/shirawein/spanish-english-amr-corpus}"		"Multilingual, Annotation"
"Gregor Williamson, Patrick Elliott, Yuxin Ji"	Intensionalizing Abstract Meaning Representations: Non-Veridicality and Scope	The Joint 15th Linguistic Annotation Workshop (LAW) and 3rd Designing Meaning Representations (DMR) Workshop	2021	https://aclanthology.org/2021.law-1.17/		"AMR Extensions"
"Emma Manning, Nathan Schneider"	Referenceless Parsing-Based Evaluation of AMR-to-English Generation	Eval4NLP Workshop	2021	https://aclanthology.org/2021.eval4nlp-1.12/		"Evaluation, Generation"
"Mihaela Bornea, Ramon Fernandez Astudillo, Tahira Naseem, Nandana Mihindukulasooriya, Ibrahim Abdelaziz, Pavan Kapanipathi, Radu Florian, Salim Roukos"	Learning to Transpile AMR into SPARQL	preprint	2021	https://arxiv.org/abs/2112.07877		"Applications, Question Answering"
"Young-Suk Lee, Ramon Fernandez Astudillo, Thanh Lam Hoang, Tahira Naseem, Radu Florian, Salim Roukos"	Maximum Bayes Smatch Ensemble Distillation for AMR Parsing	preprint	2021	https://arxiv.org/abs/2112.07790		"Parsing, Multilingual, Biomedical"
"Tahira Naseem, Austin Blodgett, Sadhana Kumaravel, Tim O'Gorman, Young-Suk Lee, Jeffrey Flanigan, Ramón Fernandez Astudillo, Radu Florian, Salim Roukos, Nathan Schneider"	DocAMR: Multi-Sentence AMR Representation and Evaluation	NAACL	2022	https://arxiv.org/abs/2112.08513		"Annotation, Evaluation, Document-level AMR"
"Rafael T. Anchieta, Marco A. S. Cabezudo, Thiago A. S. Pardo"	SEMA: an Extended Semantic Evaluation Metric for AMR	CICLing	2019	https://arxiv.org/abs/1905.12069/		"Evaluation"
"Minh-Quan Bui, Vu Tran, Ha-Thanh Nguyen, Tran-Binh Dang, Le-Minh Nguyen"	How Curriculum Learning Performs on AMR Parsing	13th International Conference on Knowledge and Systems Engineering (KSE)	2021	https://ieeexplore.ieee.org/abstract/document/9648646		"Parsing, Curriculum Learning"
"Aurélien Lamercerie, Annie Foret"	From Requirements as AMR-like Graphs to Automata-Based Reasoning	[Research Report] Université de Rennes	2021	https://hal.archives-ouvertes.fr/hal-03467064		"Applications, System Requirements"
"Jinho D. Choi, Gregor Williamson"	StreamSide: A Fully-Customizable Open-Source Toolkit for Efficient Annotation of Meaning Representations	preprint	2021		https://arxiv.org/pdf/2109.09853.pdf	"Annotation tool"
"Ermal Elbasani, Jeong-Dong Kim"	AMR-CNN: Abstract Meaning Representation with Convolution Neural Network for Toxic Content Detection	Journal of Web Engineering	2022	https://journals.riverpublishers.com/index.php/JWE/article/view/7259		"Applications, Toxic Content Detection"
"Hoang Thanh Lam, Gabriele Picco, Yufang Hou, Young-Suk Lee, Lam M. Nguyen, Dzung T. Phan, Vanessa Lopez, Ramon Fernandez Astudillo"	Ensembling Graph Predictions for AMR Parsing	NeurIPS	2021	"{pdf: https://papers.nips.cc/paper/2021/hash/479b4864e55e12e0fb411eadb115c095-Abstract.html, code: https://github.com/ibm/graph_ensemble_learning}"	https://arxiv.org/abs/2110.09131	"Parsing, Ensemble"
"Roberto Navigli, Rexhina Blloshmi, Abelardo Carlos Martínez Lorenzo"	BabelNet Meaning Representation: A Fully Semantic Formalism to Overcome Language Barriers	AAAI	2022	https://www.aaai.org/AAAI22Papers/SMT-00455-NavigliR.pdf		"AMR Extensions, Multilingual"
"Xuefeng Bai, Yulong Chen, Yue Zhang"	Graph Pre-training for AMR Parsing and Generation	ACL	2022	"{pdf: https://aclanthology.org/2022.acl-long.415.pdf, code: https://github.com/muyeby/AMRBART}"	https://arxiv.org/abs/2203.07836	"Parsing, Generation"
"Johanna Björklund, Frank Drewes, Anna Jonsson"	Polynomial Graph Parsing with Non-Structural Reentrancies	preprint	2021		https://arxiv.org/pdf/2105.02033.pdf	"Parsing"
"Weiwen Xu, Huihui Zhang, Deng Cai and Wai Lam"	Dynamic Semantic Graph Construction and Reasoning for Explainable Multi-hop Science Question Answering	Findings of ACL: ACL-IJCNLP	2021	https://aclanthology.org/2021.findings-acl.90.pdf		"Applications, Question Answering"
"Shira Wein, Lucia Donatelli, Ethan Ricker, Calvin Engstrom, Alex Nelson, Nathan Schneider"	Spanish Abstract Meaning Representation: Annotation of a General Corpus	preprint	2022		https://arxiv.org/abs/2204.07663	"Multilingual, Annotation"
"Reza Takhshid, Razieh Shojaei, Zahra Azin, Mohammad Bahrani"	Persian Abstract Meaning Representation	preprint	2022		https://arxiv.org/pdf/2205.07712	"Multilingual, Annotation"
"Zahra Azin, Gülşen Eryiğit"	Towards Turkish Abstract Meaning Representation	ACL Student Research Workshop	2019	https://aclanthology.org/P19-2006/		"Multilingual, Annotation"
"Elif Oral, Ali Acar, Gülşen Eryiğit"	Abstract meaning representation of Turkish	Natural Language Engineering	2022	https://www.cambridge.org/core/journals/natural-language-engineering/article/abstract-meaning-representation-of-turkish/35E839E5AF1F7B9F6BF16275A44BB71D		"Multilingual, Annotation"
"Leonardo F. R. Ribeiro, Mengwen Liu, Iryna Gurevych, Markus Dreyer, Mohit Bansal"	FactGraph: Evaluating Factuality in Summarization with Semantic Graph Representations	preprint	2022		https://arxiv.org/abs/2204.06508	"Applications"
"Sarik Ghazarian, Nuan Wen, Aram Galstyan, Nanyun Peng"	DEAM: Dialogue Coherence Evaluation using AMR-based Semantic Manipulations	ACL	2022		https://arxiv.org/abs/2203.09711	"Applications"
"Xiangkun Hu, Junqi Dai, Hang Yan, Yi Zhang, Qipeng Guo, Xipeng Qiu, Zheng Zhang"	Dialogue Meaning Representation for Task-Oriented Dialogue Systems	preprint	2022		https://arxiv.org/abs/2204.10989	"AMR Extensions"
"Liang Chen, Peiyi Wang, Runxin Xu, Tianyu Liu, Zhifang Sui, Baobao Chang"	ATP: AMRize Then Parse! Enhancing AMR Parsing with PseudoAMRs	Findings of NAACL	2022		https://arxiv.org/abs/2204.08875	"Parsing"
"K. Elif Oral, Gülşen Eryiğit"	AMR Alignment for Morphologically-rich and Pro-drop Languages	ACL Student Research Workshop	2022	https://aclanthology.org/2022.acl-srw.13/		"Alignment, Multilingual"
"Ziyi Shou, Yuxin Jiang, Fangzhen Lin"	AMR-DA: Data Augmentation by Abstract Meaning Representation	Findings of ACL	2022	https://aclanthology.org/2022.findings-acl.244/		"Applications, Data Augmentation"
"Irene Li, Linfeng Song, Kun Xu, Dong Yu"	Variational Graph Autoencoding as Cheap Supervision for AMR Coreference Resolution	ACL	2022	https://aclanthology.org/2022.acl-long.199/		"Document-level AMR, Coreference"
"Andrew Drozdov, Jiawei Zhou, Radu Florian, Andrew McCallum, Tahira Naseem, Yoon Kim, Ramon Fernandez Astudillo"	Inducing and Using Alignments for Transition-based AMR Parsing	NAACL	2022		https://arxiv.org/abs/2205.01464	"Parsing, Alignment"
"Runxin Xu, Peiyi Wang, Tianyu Liu, Shuang Zeng, Baobao Chang, Zhifang Sui"	A Two-Stream AMR-enhanced Model for Document-level Event Argument Extraction	NAACL	2022		https://arxiv.org/abs/2205.00241	"Applications"
"Lisa Jin, Daniel Gildea"	Rewarding Semantic Similarity under Optimized Alignments for AMR-to-Text Generation	ACL	2022	https://aclanthology.org/2022.acl-short.80/		"Generation"
"Jaron Cohen, Roy Cohen, Edan Toledo, Jan Buys"	RepGraph: Visualising and Analysing Meaning Representation Graphs	EMNLP (Demo session)	2021	https://aclanthology.org/2021.emnlp-demo.10/		"Annotation, Visualization"
"Deng Cai, Xin Li, Jackie Chun-Sing Ho, Lidong Bing, Wai Lam"	Multilingual AMR Parsing with Noisy Knowledge Distillation	Findings of EMNLP	2021	https://aclanthology.org/2021.findings-emnlp.237/		"Parsing, Multilingual"
"Qingrong Xia, Zhenghua Li, Rui Wang, Min Zhang"	Stacked AMR Parsing with Silver Data	Findings of EMNLP	2021	https://aclanthology.org/2021.findings-emnlp.406/		"Parsing"
"Leonardo F. R. Ribeiro, Jonas Pfeiffer, Yue Zhang, Iryna Gurevych"	Smelting Gold and Silver for Improved Multilingual AMR-to-Text Generation	EMNLP	2021	https://aclanthology.org/2021.emnlp-main.57/		"Generation, Multilingual"
"Jens E. L. Van Gysel, Meagan Vigus, Lukas Denk, Andrew Cowell, Rosa Vallejos, Tim O’Gorman, William Croft"	Theoretical and Practical Issues in the Semantic Annotation of Four Indigenous Languages	The Joint 15th Linguistic Annotation Workshop (LAW) and 3rd Designing Meaning Representations (DMR) Workshop	2021	https://aclanthology.org/2021.law-1.2/		"Annotation, Multilingual, AMR Extensions"
"Daniel Chen, Martha Palmer, Meagan Vigus"	AutoAspect: Automatic Annotation of Tense and Aspect for Uniform Meaning Representations	The Joint 15th Linguistic Annotation Workshop (LAW) and 3rd Designing Meaning Representations (DMR) Workshop	2021	https://aclanthology.org/2021.law-1.2/		"Annotation, AMR Extensions"
"Jin Zhao, Nianwen Xue, Jens Van Gysel, Jinho D. Choi"	UMR-Writer: A Web Application for Annotating Uniform Meaning Representations	EMNLP (Demo session)	2021	https://aclanthology.org/2021.emnlp-demo.19/		"AMR Extensions, Annotation"
"Juri Opitz, Philipp Heinisch, Philipp Wiesenbach, Philipp Cimiano, Anette Frank"	Explainable Unsupervised Argument Similarity Rating with Abstract Meaning Representation and Conclusion Generation	Argument Mining Workshop	2021	https://aclanthology.org/2021.argmining-1.3/		"Applications"
"Maja Buljan, Joakim Nivre, Stephan Oepen, Lilja Øvrelid"	A tale of four parsers: methodological reflections on diagnostic evaluation and in‐depth error analysis for meaning representation parsing	Language Resources and Evaluation	2022	https://link.springer.com/content/pdf/10.1007/s10579-022-09591-7.pdf		"Evaluation, Parsing"
"Shira Wein, Wai Ching Leung, Yifu Mu, Nathan Schneider"	Effect of Source Language on AMR Structure	The 16th Linguistic Annotation Workshop (LAW-XVI)	2022	https://people.cs.georgetown.edu/nschneid/p/zh2enamr.pdf		"Multilingual, Annotation, Evaluation"
"Siyana Pavlova, Maxime Amblard, Bruno Guillaume"	How much of UCCA can be predicted from AMR?	ISA-18	2022	https://sigsem.uvt.nl/isa18/ISA-18_26_Paper.pdf		"Annotation"
"Yuxin Ji, Gregor Williamson, Jinho D. Choi"	Automatic Enrichment of Abstract Meaning Representations	The 16th Linguistic Annotation Workshop (LAW-XVI)	2022	http://www.lrec-conf.org/proceedings/lrec2022/workshops/LAWXVI/pdf/2022.lawxvi-1.19.pdf		"AMR Extensions"
"Runliang Niu, Qi Wang"	Guiding transformer to generate graph structure for AMR parsing	International Conference on Neural Networks, Information, and Communication Engineering (NNICE)	2022	https://www.spiedigitallibrary.org/conference-proceedings-of-spie/12258/2639102/Guiding-transformer-to-generate-graph-structure-for-AMR-parsing/10.1117/12.2639102.short		"Parsing"
